horizon,policy,granularity,period,n_train,n_test,mae,rmse,r2
1,never_retrain,month,2016-01,335,31,0.45898624367327245,0.6568456788776975,0.0993182381028116
1,never_retrain,month,2016-02,335,29,0.5483984739209837,0.8102837290332313,0.44826362855794966
1,never_retrain,month,2016-03,335,31,0.36501412954147083,0.436024753988856,0.23427074503985057
1,never_retrain,month,2016-04,335,30,0.852937992913417,0.9991928061894458,-0.33664708667539167
1,never_retrain,month,2016-05,335,31,1.4143386608996396,1.5891134279238213,-0.01494546720797163
1,never_retrain,month,2016-06,335,30,0.7990226710604459,0.9519742826925357,0.4951569181812624
1,never_retrain,month,2016-07,335,31,0.5477957826439188,0.6414127241610794,0.21750132270549083
1,never_retrain,month,2016-08,335,31,0.5085036124930632,0.6153602551704481,0.1833478856792078
1,never_retrain,month,2016-09,335,30,0.6243421894158717,0.748017194163284,0.35814118679575746
1,never_retrain,month,2016-10,335,31,0.7382153328332263,0.9077326055605593,-0.5204364868530134
1,never_retrain,month,2016-11,335,30,0.7540713336946502,0.9228005728804131,0.40085305389663795
1,never_retrain,month,2016-12,335,31,0.7368433156121935,0.9964718742718383,-0.04504534504704005
1,never_retrain,month,2017-01,335,31,0.5550644707213391,0.7272795920984186,0.14722156077473503
1,never_retrain,month,2017-02,335,28,0.6330502560879704,0.7747290173968342,0.055250643448873094
1,never_retrain,month,2017-03,335,31,0.5236034981238237,0.7357059340751418,0.31034186868887703
1,never_retrain,month,2017-04,335,30,0.6937371977527937,0.828396404599651,0.4279209495755223
1,never_retrain,month,2017-05,335,31,0.6773632418269618,0.8478767108857984,0.04490555602499369
1,never_retrain,month,2017-06,335,30,0.7610298345580454,0.947728736939376,0.09310403996293892
1,never_retrain,month,2017-07,335,31,0.6159974404110282,0.8299629535181898,0.3744932414737371
1,never_retrain,month,2017-08,335,31,0.6122881328114885,0.7794792556341825,-0.03847327121869326
1,never_retrain,month,2017-09,335,30,0.8270148110967749,0.9490209348220136,0.20900829339805982
1,never_retrain,month,2017-10,335,31,0.7023069112757072,0.8898220640747494,0.07297300585844113
1,never_retrain,month,2017-11,335,30,0.7092567410880821,1.0450074105996174,0.13072557189971545
1,never_retrain,month,2017-12,335,31,1.0086720346646474,1.4439473054592737,0.08463939078900429
1,never_retrain,month,2018-01,335,31,0.5420637365331155,0.7366463508474523,-0.021037279661687558
1,never_retrain,month,2018-02,335,28,0.7500655348316217,0.9369898921352615,0.5692525764614031
1,never_retrain,month,2018-03,335,31,0.4389539436774429,0.5211722047140943,-0.02492252534496009
1,never_retrain,month,2018-04,335,30,0.4520795256113734,0.5748607610820466,0.4055911640246087
1,never_retrain,month,2018-05,335,31,0.6709961250911832,0.8830173008852854,0.06806814204531131
1,never_retrain,month,2018-06,335,30,0.6240888613365709,0.8431736243939612,0.31496768362566485
1,never_retrain,month,2018-07,335,31,0.5460591497867132,0.6671030162572644,0.20427491652986574
1,never_retrain,month,2018-08,335,31,0.7218884166377972,0.8627795542056076,0.19532350354536177
1,never_retrain,month,2018-09,335,30,0.775599746101923,0.998150311615731,-0.15662514043305187
1,never_retrain,month,2018-10,335,31,0.5982710742158571,0.7387599794781816,0.4205777621083785
1,never_retrain,month,2018-11,335,30,0.8800667960287962,1.1326725713352266,0.2289157238556212
1,never_retrain,month,2018-12,335,31,0.4280809897227583,0.584853639025843,0.5184387903639289
1,never_retrain,month,2019-01,335,31,0.5008477438961377,0.7059536454460628,0.48154961344978175
1,never_retrain,month,2019-02,335,28,0.33672619494045997,0.42416825712539985,-0.12136313631126838
1,never_retrain,month,2019-03,335,31,0.3405761063802167,0.3992974011170867,0.7830293744203403
1,never_retrain,month,2019-04,335,30,0.9194202966166901,1.075979651268022,-0.49954520968348337
1,never_retrain,month,2019-05,335,31,0.9488679670335742,1.1421487551249847,0.07982491561895821
1,never_retrain,month,2019-06,335,30,0.595057974529455,0.7472189471460495,-0.2889968691684939
1,never_retrain,month,2019-07,335,31,0.6908174521915471,0.8918147731517831,0.3936024661486587
1,never_retrain,month,2019-08,335,31,0.7310776152028511,0.9187958010807608,0.20311335424504462
1,never_retrain,month,2019-09,335,30,0.7839207694223589,0.959611485808725,0.02754061845674305
1,never_retrain,month,2019-10,335,31,0.5771019925183037,0.7111873833842886,0.045515313000006996
1,never_retrain,month,2019-11,335,30,0.5697961673921962,0.9050137087670025,0.3218289249369024
1,never_retrain,month,2019-12,335,31,0.6535033124990626,0.8158731336931149,0.521985428075192
1,never_retrain,month,2020-01,335,31,0.4624860816968602,0.5924307137045722,0.28734330909941475
1,never_retrain,month,2020-02,335,29,0.6677247836940308,0.7883377307646259,-0.1308127081032613
1,never_retrain,month,2020-03,335,31,0.3187997996657149,0.39865644829517466,0.25213587219470257
1,never_retrain,month,2020-04,335,30,0.6679519046527197,0.8043726478300595,0.20496720424959491
1,never_retrain,month,2020-05,335,31,1.1229452827109307,1.304468335330852,-0.36488921626199033
1,never_retrain,month,2020-06,335,30,0.9877283884511773,1.1792306421280672,-0.041714665768052495
1,never_retrain,month,2020-07,335,31,0.8508885540064698,1.0321661055308544,-0.43774408299377776
1,never_retrain,month,2020-08,335,31,0.8439208776281377,0.9537728797971834,0.48138091128984595
1,never_retrain,month,2020-09,335,30,0.627482137160257,0.803221509692769,0.23784430758047193
1,never_retrain,month,2020-10,335,31,0.7048172301067591,0.9133196108833362,-0.1177399758369575
1,never_retrain,month,2020-11,335,30,0.4577349479233067,0.6378245266179291,0.29185727587837207
1,never_retrain,month,2020-12,335,31,0.5490016923464484,0.6946767671128232,0.3314178044137639
1,never_retrain,month,2021-01,335,31,0.77631839204771,1.0114799354291852,0.25765524671214146
1,never_retrain,month,2021-02,335,28,0.5661565033543184,0.7358304289467481,0.39677709083494483
1,never_retrain,month,2021-03,335,31,0.3828740155348111,0.4618670460773239,0.5920690040785663
1,never_retrain,month,2021-04,335,30,0.6847298272530992,0.8250973502034481,0.038800399125446194
1,never_retrain,month,2021-05,335,31,0.8284951130841051,0.9685376794846182,0.6193457198785711
1,never_retrain,month,2021-06,335,30,0.7582499548597089,0.894569636295171,0.27466428580894786
1,never_retrain,month,2021-07,335,31,0.7965969187271849,0.9580565405627687,0.2599915150812836
1,never_retrain,month,2021-08,335,31,0.5847674509014639,0.7338003584774018,0.40678331947311464
1,never_retrain,month,2021-09,335,30,0.5671639951876724,0.6867010100895294,-0.39656602564145604
1,never_retrain,month,2021-10,335,31,0.697099077572849,0.8923174168933437,-0.18646869063457805
1,never_retrain,month,2021-11,335,30,0.6911987556303435,0.8718170075199472,0.21553834802246274
1,never_retrain,month,2021-12,335,31,0.6094334572656952,0.8266891103044389,0.1730733240447191
1,never_retrain,month,2022-01,335,31,0.3273253974809039,0.4201084419106039,0.39408420281174017
1,never_retrain,month,2022-02,335,28,0.45526961444220415,0.5998275668750489,0.20431638535764451
1,never_retrain,month,2022-03,335,31,0.6716859084426523,0.8048861085692193,-0.05485568198027946
1,never_retrain,month,2022-04,335,30,0.756254870142006,0.9754012738235052,0.36310517354521965
1,never_retrain,month,2022-05,335,31,0.8047461348445697,1.0099078098168235,0.2510261441342295
1,never_retrain,month,2022-06,335,30,0.8447578952451977,1.017600095946915,0.2186534091149489
1,never_retrain,month,2022-07,335,31,0.7514223016903175,0.9132907086552972,0.23294734766127578
1,never_retrain,month,2022-08,335,31,0.6537485695332189,0.8354404021124168,0.11765608207533995
1,never_retrain,month,2022-09,335,30,0.6326301848394918,0.7993443813710702,0.17086294476822672
1,never_retrain,month,2022-10,335,31,0.7570750550673698,0.9588618521915919,-0.14037019305155685
1,never_retrain,month,2022-11,335,30,0.664915344421514,0.853425192191939,0.36245224206245785
1,never_retrain,month,2022-12,335,31,0.7533335018470362,0.8969112938893191,0.23388004498050685
1,never_retrain,month,2023-01,335,31,0.670841779365933,0.8548160750409042,0.3247953732840849
1,never_retrain,month,2023-02,335,28,0.43432879444069894,0.5555591487983345,0.25167479352484035
1,never_retrain,month,2023-03,335,31,0.3560887197762813,0.4896767870492371,0.7831311716268148
1,never_retrain,month,2023-04,335,30,0.6989498583360014,0.8069546923675144,-0.6529171028332439
1,never_retrain,month,2023-05,335,31,1.0083955885985252,1.2487981960047312,0.1990055937909645
1,never_retrain,month,2023-06,335,30,0.7759984136697438,1.0275448035932873,-5.6293927038320035e-05
1,never_retrain,month,2023-07,335,31,0.7132846212185215,0.8505088590794105,0.23643006160255875
1,never_retrain,month,2023-08,335,31,0.5628738700309145,0.6728779224816984,0.3793408716773391
1,never_retrain,month,2023-09,335,30,0.48235428351372356,0.6488379792268496,-0.04967766777056437
1,never_retrain,month,2023-10,335,31,0.544060939045901,0.7030482700454456,0.20999222951243712
1,never_retrain,month,2023-11,335,30,0.5236847066201343,0.6303898569480565,0.27635918871663157
1,never_retrain,month,2023-12,335,31,0.5197604052299309,0.6223251603912144,0.3823896491139215
1,never_retrain,month,2024-01,335,31,0.433297321757019,0.5457689040249375,0.10120882807975728
1,never_retrain,month,2024-02,335,29,0.4984824753017326,0.6821023656542752,0.079195371319706
1,never_retrain,month,2024-03,335,31,0.36627872406799633,0.4843027876640426,0.30815908003764503
1,never_retrain,month,2024-04,335,30,1.451363470613788,1.6146210361865674,-4.334320748997532
1,never_retrain,month,2024-05,335,31,1.2616909531674956,1.448611521447407,-0.45500346450752893
1,never_retrain,month,2024-06,335,30,0.8998841406080573,1.1156926597763925,0.2755898195455323
1,never_retrain,month,2024-07,335,31,0.6802049536888204,0.7974004262590043,0.39422088862306126
1,never_retrain,month,2024-08,335,31,0.6820189058962367,0.8199652513269835,0.48807451165341587
1,never_retrain,month,2024-09,335,30,0.7498918354311889,0.964960091991498,0.35048271544626086
1,never_retrain,month,2024-10,335,31,0.7014347775608761,0.9529535926315776,0.047266541189123656
1,never_retrain,month,2024-11,335,30,0.5261829615824051,0.6622317682152382,0.32146706432956884
1,never_retrain,month,2024-12,335,31,0.8405830757789651,1.0364159809819373,-0.19544403045164604
1,never_retrain,month,2025-01,335,31,0.7658018458861265,0.9061883922948823,0.2031992289588913
1,never_retrain,month,2025-02,335,28,0.49920854109939367,0.6081643344956,0.4337676193045612
1,never_retrain,month,2025-03,335,31,0.5365567348586725,0.6520386616400342,0.1533912266086468
1,never_retrain,month,2025-04,335,30,0.553929702384895,0.6524538095403273,-0.16292723091612515
1,never_retrain,month,2025-05,335,31,0.8968701097914417,1.0641750117151498,0.10882559302969164
1,never_retrain,month,2025-06,335,30,0.5849426672054089,0.7252600584814418,0.2922045075269809
1,never_retrain,month,2025-07,335,31,0.7768895923848688,0.8864501797332941,0.16447448747026905
1,never_retrain,month,2025-08,335,31,0.8278761293871976,1.047877402616698,0.4216560617743217
1,never_retrain,month,2025-09,335,30,0.8115662826710366,1.0128765049997213,-0.1987522498732932
1,never_retrain,month,2025-10,335,31,0.5598408025465835,0.7207596848898921,0.22826675382371908
1,never_retrain,month,2025-11,335,15,0.49850388658404204,0.6808126779797865,-0.23799653444980695
1,retrain_1m,month,2016-01,335,31,0.4589862436732715,0.656845678877696,0.09931823810281581
1,retrain_1m,month,2016-02,366,29,0.4980155538860704,0.7832341207168775,0.4844858675371482
1,retrain_1m,month,2016-03,395,31,0.3295946567672453,0.4165318651622106,0.30120560895898985
1,retrain_1m,month,2016-04,426,30,0.8855053312885385,1.0282807003645769,-0.41560317575276384
1,retrain_1m,month,2016-05,456,31,0.9922879319824532,1.1179538481498106,0.49767977585847134
1,retrain_1m,month,2016-06,487,30,0.7572964973466226,0.9449620723148917,0.5025668408203163
1,retrain_1m,month,2016-07,517,31,0.5379935416108964,0.6537770631178669,0.18704252310311142
1,retrain_1m,month,2016-08,548,31,0.4790199671503894,0.5738660821899594,0.2897694987504058
1,retrain_1m,month,2016-09,579,30,0.6451788764789474,0.7798444845356054,0.30235841993659707
1,retrain_1m,month,2016-10,609,31,0.6985521523707381,0.8905068436386452,-0.46327830926102
1,retrain_1m,month,2016-11,640,30,0.6808354417915691,0.8525298089173803,0.488628187573537
1,retrain_1m,month,2016-12,670,31,0.6073654965699864,0.8095891874031523,0.31018212581529625
1,retrain_1m,month,2017-01,701,31,0.5898857965344934,0.8071150237862719,-0.05027800862039933
1,retrain_1m,month,2017-02,732,28,0.5617871574790111,0.6967934387684036,0.23576827114602694
1,retrain_1m,month,2017-03,760,31,0.5523036625070074,0.7657368121891722,0.2528902657241765
1,retrain_1m,month,2017-04,791,30,0.6968941152532028,0.8416148206277303,0.40951838118727113
1,retrain_1m,month,2017-05,821,31,0.6922895609862504,0.8493470580484603,0.04159012575003884
1,retrain_1m,month,2017-06,852,30,0.7398656832234476,0.8794937862268117,0.21899301291238582
1,retrain_1m,month,2017-07,882,31,0.5697747531502544,0.7743486643410837,0.4555127698553205
1,retrain_1m,month,2017-08,913,31,0.6597604277629702,0.8131027866999475,-0.12999650021589781
1,retrain_1m,month,2017-09,944,30,0.7562590686536361,0.875819151086347,0.3263268795926374
1,retrain_1m,month,2017-10,974,31,0.6249481268799202,0.796020160889593,0.2581191267330306
1,retrain_1m,month,2017-11,1005,30,0.7627137747963845,1.0644171655052976,0.09813423193934534
1,retrain_1m,month,2017-12,1035,31,0.8565717309436843,1.234818566519209,0.33058439544987384
1,retrain_1m,month,2018-01,1066,31,0.4181169002490541,0.5571365877090475,0.41595424003038284
1,retrain_1m,month,2018-02,1097,28,0.5288328062244381,0.654649763342806,0.7897331023414269
1,retrain_1m,month,2018-03,1125,31,0.406866617473685,0.4904436238359508,0.09237441030686566
1,retrain_1m,month,2018-04,1156,30,0.38041895677614856,0.5192597603409171,0.515013932291998
1,retrain_1m,month,2018-05,1186,31,0.6165478772638979,0.7832478246248386,0.26676341258750846
1,retrain_1m,month,2018-06,1217,30,0.6572929579555126,0.8962056882998988,0.2260864929050298
1,retrain_1m,month,2018-07,1247,31,0.5166907753095566,0.6348645731460127,0.2793250507709031
1,retrain_1m,month,2018-08,1278,31,0.5675005552279038,0.7223589956595006,0.4359367599725482
1,retrain_1m,month,2018-09,1309,30,0.6795382229817094,0.9574275509386252,-0.06417383265617693
1,retrain_1m,month,2018-10,1339,31,0.5967633273355512,0.7410667612860968,0.4169536149269476
1,retrain_1m,month,2018-11,1370,30,0.8903486646637676,1.1191045984523111,0.24727829358812536
1,retrain_1m,month,2018-12,1400,31,0.3854534860793301,0.49211186900544207,0.6590546410152294
1,retrain_1m,month,2019-01,1431,31,0.4942905479506373,0.682532493060363,0.5153798193033513
1,retrain_1m,month,2019-02,1462,28,0.2950417616588204,0.3856252916488816,0.07316811671452994
1,retrain_1m,month,2019-03,1490,31,0.3512680189991301,0.415197563976199,0.7654056395485134
1,retrain_1m,month,2019-04,1521,30,0.6011586383332653,0.9211798602757876,-0.09910786713671604
1,retrain_1m,month,2019-05,1551,31,0.9273887286676411,1.0758638054402614,0.18353095783114803
1,retrain_1m,month,2019-06,1582,30,0.5422309119758351,0.6794096173294776,-0.06566202880106808
1,retrain_1m,month,2019-07,1612,31,0.6846950055661896,0.8755256948863243,0.41555197636316465
1,retrain_1m,month,2019-08,1643,31,0.6399105518793397,0.8023418179755887,0.3923165597124376
1,retrain_1m,month,2019-09,1674,30,0.6920985625222702,0.8339989783389345,0.26546645747283926
1,retrain_1m,month,2019-10,1704,31,0.5876349624931317,0.6940340425471146,0.09100305282787502
1,retrain_1m,month,2019-11,1735,30,0.5681589641371697,0.7831568028170336,0.49216059466885775
1,retrain_1m,month,2019-12,1765,31,0.47484248144033736,0.5945051165529021,0.74619097263762
1,retrain_1m,month,2020-01,1796,31,0.4681349722225489,0.5753214929870523,0.3279115485517461
1,retrain_1m,month,2020-02,1827,29,0.46165501776109336,0.5733792788068429,0.4017949944093221
1,retrain_1m,month,2020-03,1856,31,0.32980350863768243,0.40371117037981774,0.23305071278545608
1,retrain_1m,month,2020-04,1887,30,0.6172470251095581,0.7638830556858873,0.2829916573540392
1,retrain_1m,month,2020-05,1917,31,0.7692854638516062,0.9014433797184709,0.34821069999869203
1,retrain_1m,month,2020-06,1948,30,0.9440603158431905,1.150681185553664,0.008115071700362964
1,retrain_1m,month,2020-07,1978,31,0.8369217168705138,1.0237070368091685,-0.41427472183867
1,retrain_1m,month,2020-08,2009,31,0.7605912606430435,0.9253348434948696,0.5118465186784645
1,retrain_1m,month,2020-09,2040,30,0.5570366231882677,0.7126505526209286,0.40003448298769706
1,retrain_1m,month,2020-10,2070,31,0.6055750375542293,0.7681881631185525,0.20926595157255778
1,retrain_1m,month,2020-11,2101,30,0.46004882899093646,0.5844733226418669,0.4053687173293724
1,retrain_1m,month,2020-12,2131,31,0.40498822504385845,0.5033615118454537,0.648965930519211
1,retrain_1m,month,2021-01,2162,31,0.5771676032962525,0.7540465213026637,0.5874397509940873
1,retrain_1m,month,2021-02,2193,28,0.5339087746081189,0.6604664687060241,0.5140138555265035
1,retrain_1m,month,2021-03,2221,31,0.38142945852276583,0.4476161306940492,0.616854076014508
1,retrain_1m,month,2021-04,2252,30,0.63415584127241,0.765631881206925,0.1723566770701418
1,retrain_1m,month,2021-05,2282,31,0.7663893677259798,0.9341163445469332,0.6459214502377777
1,retrain_1m,month,2021-06,2313,30,0.6802845361744673,0.8183318181964121,0.39302663933554105
1,retrain_1m,month,2021-07,2343,31,0.8272216767711441,0.9852762727128566,0.2173448132001603
1,retrain_1m,month,2021-08,2374,31,0.5758787077419888,0.7207349594748279,0.42771983787845536
1,retrain_1m,month,2021-09,2405,30,0.42663611619612624,0.5408977545645638,0.13352416070391115
1,retrain_1m,month,2021-10,2435,31,0.7523200199503568,0.9156420842145975,-0.2493065957883811
1,retrain_1m,month,2021-11,2466,30,0.6945901105005987,0.8349847865499106,0.28042151535782867
1,retrain_1m,month,2021-12,2496,31,0.5757413867892316,0.7057595517636311,0.397307069005712
1,retrain_1m,month,2022-01,2527,31,0.33927740993985034,0.4345618778091539,0.35167509057994273
1,retrain_1m,month,2022-02,2558,28,0.40987180740737045,0.5305120151432026,0.3775879083871805
1,retrain_1m,month,2022-03,2586,31,0.6342731241566056,0.7899329605947426,-0.01602560661953656
1,retrain_1m,month,2022-04,2617,30,0.6610877361821134,0.9561052550169856,0.38805485346762547
1,retrain_1m,month,2022-05,2647,31,0.8093866936510764,0.9841168900225602,0.2887921069569961
1,retrain_1m,month,2022-06,2678,30,0.7970592935248256,0.9535638075020837,0.31389756406981784
1,retrain_1m,month,2022-07,2708,31,0.7041057753029533,0.8234088533750319,0.3764975537190951
1,retrain_1m,month,2022-08,2739,31,0.641114696276567,0.7961789999895552,0.19863866318053913
1,retrain_1m,month,2022-09,2770,30,0.6145465995419271,0.7467327082282986,0.27641622385349207
1,retrain_1m,month,2022-10,2800,31,0.7660634260738663,0.9617803218046935,-0.14732260364186933
1,retrain_1m,month,2022-11,2831,30,0.5804508649784229,0.7446658042646442,0.5145945727931464
1,retrain_1m,month,2022-12,2861,31,0.550622049854134,0.6766363640397988,0.5639779451138661
1,retrain_1m,month,2023-01,2892,31,0.5249881559437453,0.67560739617203,0.5782269375330589
1,retrain_1m,month,2023-02,2923,28,0.45156867742247264,0.5446831302419504,0.28068748608914806
1,retrain_1m,month,2023-03,2951,31,0.32554021795609267,0.4376393338680789,0.8267749098640008
1,retrain_1m,month,2023-04,2982,30,0.48518411664808075,0.6064318912661889,0.066494599305567
1,retrain_1m,month,2023-05,3012,31,0.8246592733835761,1.0305508369564258,0.4545137617571815
1,retrain_1m,month,2023-06,3043,30,0.6392029052455738,0.8411853501719941,0.32979708274004427
1,retrain_1m,month,2023-07,3073,31,0.6138349612256361,0.7492084093093867,0.407488989238483
1,retrain_1m,month,2023-08,3104,31,0.5535372096461565,0.6408833303943694,0.4369609196430152
1,retrain_1m,month,2023-09,3135,30,0.5064303147455665,0.6560496902240169,-0.0731412800274962
1,retrain_1m,month,2023-10,3165,31,0.6150017897662371,0.7272700514632243,0.1546189994796534
1,retrain_1m,month,2023-11,3196,30,0.5739165652262358,0.6940581621834111,0.12280459039318403
1,retrain_1m,month,2023-12,3226,31,0.5344043613366111,0.6398045192100804,0.3472085564495403
1,retrain_1m,month,2024-01,3257,31,0.39920465221275464,0.49465505041106855,0.2616774750056927
1,retrain_1m,month,2024-02,3288,29,0.4315241276717839,0.5725296008723109,0.3512695651177077
1,retrain_1m,month,2024-03,3317,31,0.2929302900206182,0.386380311277668,0.5596456571815549
1,retrain_1m,month,2024-04,3348,30,0.5001236379179111,0.6951138254465069,0.011333619883622026
1,retrain_1m,month,2024-05,3378,31,0.8698229697449558,1.0902061128707328,0.17590480290936117
1,retrain_1m,month,2024-06,3409,30,0.8202517111570554,1.0138647892655996,0.4017875124822523
1,retrain_1m,month,2024-07,3439,31,0.6659647746971796,0.7713288180673172,0.43318611291418596
1,retrain_1m,month,2024-08,3470,31,0.6738277089449421,0.811002017336659,0.4992052977393243
1,retrain_1m,month,2024-09,3501,30,0.7165823287882833,0.8669513301010959,0.4757222316098916
1,retrain_1m,month,2024-10,3531,31,0.7464823420396958,0.973062104098204,0.006634591754175911
1,retrain_1m,month,2024-11,3562,30,0.5089519327040701,0.6408053194242881,0.3646644919764518
1,retrain_1m,month,2024-12,3592,31,0.7249672992832746,0.9089529717493712,0.08051664138646819
1,retrain_1m,month,2025-01,3623,31,0.6138759456013567,0.7622164553633352,0.436272272053304
1,retrain_1m,month,2025-02,3654,28,0.5409928754322689,0.655201128241986,0.342793152907649
1,retrain_1m,month,2025-03,3682,31,0.524770492329706,0.6624248489340823,0.1262055119220613
1,retrain_1m,month,2025-04,3713,30,0.4704216302266302,0.6105884329229158,-0.018474460395617065
1,retrain_1m,month,2025-05,3743,31,0.733828416052538,0.9798178619716704,0.24451247627266226
1,retrain_1m,month,2025-06,3774,30,0.5983967119134567,0.7538651405898544,0.23527093897358864
1,retrain_1m,month,2025-07,3804,31,0.7805630303524502,0.9155246691917133,0.10876721783298238
1,retrain_1m,month,2025-08,3835,31,0.6964570845150235,0.9490531930808183,0.5255981788878863
1,retrain_1m,month,2025-09,3866,30,0.6999679438640308,0.8974705103049153,0.058854402289846286
1,retrain_1m,month,2025-10,3896,31,0.5394775096963657,0.6718037209810213,0.3295428193190414
1,retrain_1m,month,2025-11,3927,15,0.5059596420861739,0.5861863673149365,0.08222634287959141
1,retrain_3m,month,2016-01,335,31,0.45898624367327234,0.656845678877697,0.09931823810281315
1,retrain_3m,month,2016-02,335,29,0.5483984739209834,0.8102837290332305,0.44826362855795066
1,retrain_3m,month,2016-03,335,31,0.36501412954147033,0.43602475398885515,0.23427074503985335
1,retrain_3m,month,2016-04,426,30,0.8855053312885386,1.0282807003645766,-0.4156031757527634
1,retrain_3m,month,2016-05,426,31,1.4088807274967632,1.5980768407241852,-0.02642738153517321
1,retrain_3m,month,2016-06,426,30,0.7946629463019526,0.9688199044968999,0.47713197701521803
1,retrain_3m,month,2016-07,517,31,0.5379935416108957,0.6537770631178661,0.18704252310311364
1,retrain_3m,month,2016-08,517,31,0.49242757921297875,0.5974778932659142,0.2301220389211005
1,retrain_3m,month,2016-09,517,30,0.62261747697263,0.7647977669038468,0.3290200088775883
1,retrain_3m,month,2016-10,609,31,0.6985521523707379,0.8905068436386452,-0.46327830926102
1,retrain_3m,month,2016-11,609,30,0.6633508190582519,0.8621151381411313,0.47706443269732357
1,retrain_3m,month,2016-12,609,31,0.6863511849328268,0.920632315709041,0.1079740771444444
1,retrain_3m,month,2017-01,701,31,0.589885796534494,0.8071150237862714,-0.05027800862039822
1,retrain_3m,month,2017-02,701,28,0.5679288690446758,0.7139285696648933,0.19771904508177696
1,retrain_3m,month,2017-03,701,31,0.5513158456156151,0.780960284320009,0.22288867170922722
1,retrain_3m,month,2017-04,791,30,0.6968941152532018,0.8416148206277299,0.4095183811872717
1,retrain_3m,month,2017-05,791,31,0.6827487580995999,0.8281925690557771,0.08873736125047893
1,retrain_3m,month,2017-06,791,30,0.7657691331814825,0.9309934203116099,0.12484980950776425
1,retrain_3m,month,2017-07,882,31,0.5697747531502536,0.7743486643410826,0.45551276985532196
1,retrain_3m,month,2017-08,882,31,0.6568483133788734,0.8106324960821016,-0.12314083697903255
1,retrain_3m,month,2017-09,882,30,0.7637044060244025,0.8771936359453597,0.3242107347586394
1,retrain_3m,month,2017-10,974,31,0.6249481268799205,0.7960201608895934,0.25811912673303017
1,retrain_3m,month,2017-11,974,30,0.7789923394281002,1.0900071303034407,0.05424893007402254
1,retrain_3m,month,2017-12,974,31,0.834625804467934,1.219560827041422,0.34702513772389687
1,retrain_3m,month,2018-01,1066,31,0.418116900249054,0.5571365877090474,0.41595424003038317
1,retrain_3m,month,2018-02,1066,28,0.5442137517634471,0.6759644068268574,0.7758181060930069
1,retrain_3m,month,2018-03,1066,31,0.406993161646453,0.4867728952095172,0.10590982683469397
1,retrain_3m,month,2018-04,1156,30,0.38041895677614984,0.5192597603409174,0.5150139322919975
1,retrain_3m,month,2018-05,1156,31,0.6199592354369842,0.7799630063985167,0.27290067411129526
1,retrain_3m,month,2018-06,1156,30,0.6631320457015764,0.8682283279645149,0.27365167815933844
1,retrain_3m,month,2018-07,1247,31,0.5166907753095579,0.6348645731460137,0.27932505077090075
1,retrain_3m,month,2018-08,1247,31,0.5655847298127116,0.7001058951656244,0.4701546882651524
1,retrain_3m,month,2018-09,1247,30,0.6825621755975824,0.9621479066934919,-0.07469298280451753
1,retrain_3m,month,2018-10,1339,31,0.5967633273355504,0.7410667612860956,0.4169536149269496
1,retrain_3m,month,2018-11,1339,30,0.8939503742680242,1.1241965680469153,0.24041288382331438
1,retrain_3m,month,2018-12,1339,31,0.39692443224871116,0.4937471553299809,0.6567849552974113
1,retrain_3m,month,2019-01,1431,31,0.49429054795063687,0.682532493060363,0.5153798193033514
1,retrain_3m,month,2019-02,1431,28,0.30303939657966567,0.39578632309640077,0.02368151821820541
1,retrain_3m,month,2019-03,1431,31,0.34767900817132535,0.4106985029635439,0.7704622005956374
1,retrain_3m,month,2019-04,1521,30,0.6011586383332651,0.9211798602757872,-0.09910786713671538
1,retrain_3m,month,2019-05,1521,31,0.9362614334057687,1.0901016433786375,0.1617778807866892
1,retrain_3m,month,2019-06,1521,30,0.529582892645496,0.6707227500117555,-0.0385853340986011
1,retrain_3m,month,2019-07,1612,31,0.6846950055661897,0.875525694886325,0.41555197636316354
1,retrain_3m,month,2019-08,1612,31,0.6443745083288442,0.8123526084293254,0.37705786927284435
1,retrain_3m,month,2019-09,1612,30,0.6683183725167977,0.80966816229923,0.3076993807649129
1,retrain_3m,month,2019-10,1704,31,0.5876349624931317,0.6940340425471144,0.09100305282787569
1,retrain_3m,month,2019-11,1704,30,0.5548815047086855,0.7701239965688612,0.5089222482132958
1,retrain_3m,month,2019-12,1704,31,0.4799499660152302,0.6066050735697976,0.7357542882450752
1,retrain_3m,month,2020-01,1796,31,0.46813497222254835,0.575321492987052,0.32791154855174665
1,retrain_3m,month,2020-02,1796,29,0.4496048012184597,0.5676041716349524,0.4137846152144664
1,retrain_3m,month,2020-03,1796,31,0.3289976837805926,0.4022030348320841,0.2387701632541308
1,retrain_3m,month,2020-04,1887,30,0.6172470251095574,0.7638830556858863,0.28299165735404097
1,retrain_3m,month,2020-05,1887,31,0.7785584093417017,0.9084871756632125,0.3379848598955978
1,retrain_3m,month,2020-06,1887,30,0.9436644634688057,1.1502392299945023,0.00887685503157909
1,retrain_3m,month,2020-07,1978,31,0.8369217168705149,1.023707036809169,-0.4142747218386713
1,retrain_3m,month,2020-08,1978,31,0.7522702567400514,0.9182038732871862,0.5193413082534072
1,retrain_3m,month,2020-09,1978,30,0.5783062554766375,0.7304305964487413,0.36972373747375853
1,retrain_3m,month,2020-10,2070,31,0.6055750375542284,0.768188163118552,0.209265951572559
1,retrain_3m,month,2020-11,2070,30,0.45788634510840304,0.5812777173297566,0.4118532295418478
1,retrain_3m,month,2020-12,2070,31,0.42338629887728757,0.5279187023223276,0.6138790609430189
1,retrain_3m,month,2021-01,2162,31,0.5771676032962516,0.754046521302663,0.587439750994088
1,retrain_3m,month,2021-02,2162,28,0.5066597446760438,0.6362094745300627,0.5490560082168141
1,retrain_3m,month,2021-03,2162,31,0.37816704921214084,0.4418921200991075,0.6265905826018578
1,retrain_3m,month,2021-04,2252,30,0.6341558412724112,0.7656318812069257,0.17235667707014024
1,retrain_3m,month,2021-05,2252,31,0.7495248055461249,0.9256980646850602,0.6522746226775322
1,retrain_3m,month,2021-06,2252,30,0.6854577172691253,0.8249856145613732,0.3831159988218197
1,retrain_3m,month,2021-07,2343,31,0.8272216767711437,0.9852762727128562,0.21734481320016086
1,retrain_3m,month,2021-08,2343,31,0.5744807202473579,0.7222176807013454,0.4253627862395476
1,retrain_3m,month,2021-09,2343,30,0.42173460168278326,0.5393129764477438,0.13859410343074052
1,retrain_3m,month,2021-10,2435,31,0.7523200199503565,0.915642084214597,-0.24930659578837977
1,retrain_3m,month,2021-11,2435,30,0.6941130434533197,0.8314064539705003,0.2865758161793769
1,retrain_3m,month,2021-12,2435,31,0.576687977927017,0.7140681629694138,0.38303303737853567
1,retrain_3m,month,2022-01,2527,31,0.3392774099398508,0.4345618778091541,0.35167509057994206
1,retrain_3m,month,2022-02,2527,28,0.41593925784312014,0.5372839095364635,0.3615965260041154
1,retrain_3m,month,2022-03,2527,31,0.625033855372664,0.7792771933405706,0.011200780680468037
1,retrain_3m,month,2022-04,2617,30,0.6610877361821133,0.9561052550169868,0.3880548534676238
1,retrain_3m,month,2022-05,2617,31,0.798562316666143,0.9768534148451375,0.2992517935223462
1,retrain_3m,month,2022-06,2617,30,0.807315324698404,0.9491088557369359,0.32029338841472843
1,retrain_3m,month,2022-07,2708,31,0.7041057753029529,0.8234088533750317,0.37649755371909543
1,retrain_3m,month,2022-08,2708,31,0.647702493379379,0.806731588375848,0.17725533779925118
1,retrain_3m,month,2022-09,2708,30,0.6069767361557328,0.7436087439229241,0.28245780086111427
1,retrain_3m,month,2022-10,2800,31,0.7660634260738672,0.9617803218046946,-0.14732260364187177
1,retrain_3m,month,2022-11,2800,30,0.562710999552473,0.7338162357735408,0.5286359699887526
1,retrain_3m,month,2022-12,2800,31,0.5454205049339652,0.6749472148489851,0.5661521912415881
1,retrain_3m,month,2023-01,2892,31,0.524988155943744,0.6756073961720298,0.5782269375330593
1,retrain_3m,month,2023-02,2892,28,0.4561327887188899,0.5507127349650295,0.26467385916969355
1,retrain_3m,month,2023-03,2892,31,0.3259772719402371,0.4369430198895781,0.8273256971712636
1,retrain_3m,month,2023-04,2982,30,0.4851841166480811,0.6064318912661893,0.06649459930556556
1,retrain_3m,month,2023-05,2982,31,0.8236708016547726,1.0265023562550921,0.45879118823488596
1,retrain_3m,month,2023-06,2982,30,0.6736551248714376,0.8548248169209323,0.3078867609670336
1,retrain_3m,month,2023-07,3073,31,0.6138349612256373,0.749208409309387,0.4074889892384824
1,retrain_3m,month,2023-08,3073,31,0.5353770254095418,0.6234895386824796,0.4671083306837298
1,retrain_3m,month,2023-09,3073,30,0.5269110089357004,0.6639657636551602,-0.09919515119559352
1,retrain_3m,month,2023-10,3165,31,0.6150017897662361,0.7272700514632234,0.15461899947965563
1,retrain_3m,month,2023-11,3165,30,0.5576950089636505,0.6785565444901078,0.16155089498357056
1,retrain_3m,month,2023-12,3165,31,0.524529828281041,0.6371522165784508,0.35260961774536104
1,retrain_3m,month,2024-01,3257,31,0.39920465221275375,0.49465505041106766,0.2616774750056954
1,retrain_3m,month,2024-02,3257,29,0.4349550572543659,0.5806685923135383,0.33269396183559186
1,retrain_3m,month,2024-03,3257,31,0.3012791758449955,0.3900866245847049,0.551157031100759
1,retrain_3m,month,2024-04,3348,30,0.5001236379179125,0.6951138254465076,0.011333619883620139
1,retrain_3m,month,2024-05,3348,31,0.9179704380135262,1.1010603418112868,0.15941352443469414
1,retrain_3m,month,2024-06,3348,30,0.8369475165078,1.0272072293979368,0.38593898252517145
1,retrain_3m,month,2024-07,3439,31,0.6659647746971795,0.771328818067317,0.4331861129141862
1,retrain_3m,month,2024-08,3439,31,0.6803453039974554,0.8220705311242522,0.4854423758257117
1,retrain_3m,month,2024-09,3439,30,0.7162382278384262,0.8601483961993742,0.4839179244668278
1,retrain_3m,month,2024-10,3531,31,0.7464823420396942,0.9730621040982018,0.006634591754180463
1,retrain_3m,month,2024-11,3531,30,0.49639848836807504,0.6361553025891669,0.3738516871338974
1,retrain_3m,month,2024-12,3531,31,0.7300520644360691,0.9242499707182814,0.049307786860211866
1,retrain_3m,month,2025-01,3623,31,0.6138759456013559,0.7622164553633355,0.43627227205330354
1,retrain_3m,month,2025-02,3623,28,0.5513764938546114,0.6648469403132766,0.3233000332537198
1,retrain_3m,month,2025-03,3623,31,0.5225753843612241,0.6581804085323972,0.137367191009088
1,retrain_3m,month,2025-04,3713,30,0.47042163022662986,0.6105884329229149,-0.0184744603956144
1,retrain_3m,month,2025-05,3713,31,0.7173897850901028,0.9786268135231954,0.24634807322236574
1,retrain_3m,month,2025-06,3713,30,0.5971258716311897,0.7571033307958219,0.22868711776820316
1,retrain_3m,month,2025-07,3804,31,0.7805630303524502,0.9155246691917129,0.10876721783298293
1,retrain_3m,month,2025-08,3804,31,0.6976532825140844,0.9419783741550811,0.5326447744452405
1,retrain_3m,month,2025-09,3804,30,0.7155883089038914,0.9101293859588819,0.03211732801814693
1,retrain_3m,month,2025-10,3896,31,0.5394775096963653,0.6718037209810207,0.3295428193190425
1,retrain_3m,month,2025-11,3896,15,0.4764550609146935,0.5745651753421462,0.1182555002244906
